﻿<vehicle>
	<attacherJoints comboDuration="2">
        <attacherJoint node="0>" jointType="towingHook" lowerRotLimit="10 65 65" upperRotationOffset="0" allowsJointLimitMovement="false" >
            <distanceToGround lower="0.34" upper="0.98" />
            <schema position="1 0" rotation="0" invertX="false" />
            <attachSound template="TRUCK_ATTACH_01" linkNode="0>" />
        </attacherJoint>
        <sounds>
            <attach template="ATTACH_01" linkNode="0>" />
            <hydraulic template="DEFAULT_HYDRAULIC_SOUND" linkNode="0>" />
        </sounds>
    </attacherJoints>
</vehicle>
