﻿<?xml version="1.0" encoding="utf-8" standalone="no"?>
<modDesc descVersion="51">
    <author>kenny456, Bullgore</author>
    <version>1.0.0.0</version>
    <title>
        <en>Towing Chain With Hook</en>
    </title>
    <description>
        <en>
<![CDATA[
With this mod you can tow vehicles by towing chain. You can also mount towing hook to vehicles that have no attacher and then attach towing chain to this hook.
- attach the red end to your vehicle and then attach second end to towed vehicle
- you can attach towing chain to itself when no vehicle is in range (can be used for transport)
- you can take towing chain to the hands and attach it manualy
- multiple attaching of chains supported
- you can turn on towed vehicle's throttle if necessary
- you can set steering mode of towed vehicle to auto or manual
- in F1 help menu you can see all chains avaiable in your range with info about chain
- you can switch between chains when you are on foot
- you can move mounted hook in all direction so it will fit to any vehicle
- mod creates xml config file in your game folder where you can change some parameters
- id of chain is showed in middle of each chain to help (can be turned of in xml config)
- all controls can be set in your Inputbindings

-price: 600 €

Controls:
KEY_x - attach / detach towing chain to vehicle (vehicle, onfoot)
KEY_y - switch to next chain (onfoot)
KEY_z - mount towing hook (onfoot)
KEY_b - turn on / off towed vehicle throttle (vehicle)
KEY_y - switch between steering mode of towed vehicle (off, auto, manual) (vehicle)
KEY_comma, KEY_period - turn towed vehicle left / right (vehicle)
KEY_lalt KEY_b - change towed vehicle driving direction (vehicle)
KEY_lalt KEY_KP_4 / 6 - move mounted hook left / right (onfoot)
KEY_lalt KEY_KP_8 / 5 - move mounted hook forward / backward (onfoot)
KEY_lalt KEY_KP_7 / 9 - move mounted hook up / down (onfoot)
]]>
        </en>
        <de>
<![CDATA[
Mit diesem Mod kannst du Fahrzeuge per Schleppkette ziehen. Sie können den Abschlepphaken auch an Fahrzeugen ohne Aufsatz befestigen und dann die Abschleppkette an diesem Haken befestigen.
- Befestigen Sie das rote Ende an Ihrem Fahrzeug und befestigen Sie das zweite Ende am gezogenen Fahrzeug.
- Sie können die Zugkette an sich selbst befestigen, wenn sich kein Fahrzeug in Reichweite befindet (kann für den Transport verwendet werden).
- Sie können die Schleppkette in die Hände nehmen und manuell befestigen.
- Mehrfaches anbringen von Ketten wird Unterstützt.
- Du kannst bei Bedarf den Gashebel des Zugfahrzeugs einschalten.
- Sie können den Lenkmodus des Zugfahrzeugs auf automatisch oder manuell einstellen.
- Im F1-Hilfemenü können Sie alle in Ihrem Bereich verfügbaren Ketten mit Informationen zur Kette anzeigen.
- Sie können zwischen Ketten wechseln, wenn Sie zu Fuß sind.
- Sie können den montierten Haken in alle Richtungen bewegen, damit er an jedes Fahrzeug passt.
- Mod erstellt eine XML-Konfigurationsdatei in Ihrem Spielordner in der Sie einige Parameter ändern können.
- ID der Kette wird in der Mitte jeder Kette angezeigt um zu helfen (kann in der XML-Konfiguration deaktiviert werden).
- Alle Steuerelemente können in Ihren Eingabebindungen eingestellt werden.

- Preis: 600 €

Steuerung:
KEY_x - Anhängekette am Fahrzeug befestigen / abnehmen (Fahrzeug, Fuß)
KEY_y - zur nächsten Kette wechseln (onfoot)
KEY_z - Schlepphaken montieren (onfoot)
KEY_b - Ein / Aus-Zuggas ein- / ausschalten (Fahrzeug)
KEY_y - Umschalten zwischen Lenkmodus des gezogenen Fahrzeugs (aus, automatisch, manuell) (Fahrzeug)
KEY_comma, KEY_period - Zugfahrzeug nach links / rechts drehen (Fahrzeug)
KEY_lalt KEY_b - Fahrtrichtung des Zugfahrzeugs ändern (Fahrzeug)
KEY_lalt KEY_KP_4 / 6 - montierten Haken nach links / rechts bewegen (onfoot)
KEY_lalt KEY_KP_8 / 5 - montierten Haken vorwärts / rückwärts bewegen (onfoot)
KEY_lalt KEY_KP_7 / 9 - montierten Haken nach oben / unten bewegen (onfoot)
]]>
        </de>
        <fr>
<![CDATA[
Avec ce mod, vous pouvez remorquer des véhicules en remorquant la chaîne. Vous pouvez également monter le crochet de remorquage sur des véhicules qui n'ont pas d'attache, puis attacher la chaîne de remorquage à ce crochet.
- attachez l'extrémité rouge à votre véhicule, puis attachez la deuxième extrémité au véhicule remorqué
- vous pouvez attacher la chaîne de remorquage à elle-même lorsqu'aucun véhicule n'est à portée (peut être utilisé pour le transport)
- vous pouvez prendre la chaîne de remorquage dans les mains et l'attacher manuellement
- fixation multiple de chaînes prise en charge
- vous pouvez activer l'accélérateur du véhicule remorqué si nécessaire
- vous pouvez régler le mode de direction du véhicule remorqué sur automatique ou manuel
- dans le menu d'aide F1, vous pouvez voir toutes les chaînes disponibles dans votre gamme avec des informations sur la chaîne
- vous pouvez basculer entre les chaînes lorsque vous êtes à pied
- vous pouvez déplacer le crochet monté dans toutes les directions pour qu'il s'adapte à n'importe quel véhicule
- mod crée un fichier de configuration xml dans votre dossier de jeu où vous pouvez modifier certains paramètres
- L'identifiant de la chaîne est affiché au milieu de chaque chaîne pour aider (peut être désactivé dans la configuration xml)
- tous les contrôles peuvent être définis dans vos liaisons d'entrée

-Prix: 600 €

Les contrôles:
KEY_x - attache / détache la chaîne de remorquage au véhicule (véhicule, pied)
KEY_y - passer à la chaîne suivante (au pied)
KEY_z - monter le crochet de remorquage (au pied)
KEY_b - activer / désactiver l'accélérateur du véhicule remorqué (véhicule)
KEY_y - basculer entre le mode de direction du véhicule remorqué (arrêt, auto, manuel) (véhicule)
KEY_comma, KEY_period - tourner le véhicule remorqué à gauche / droite (véhicule)
KEY_lalt KEY_b - changer la direction de conduite du véhicule remorqué (véhicule)
KEY_lalt KEY_KP_4 / 6 - déplacer le crochet monté à gauche / droite (au pied)
KEY_lalt KEY_KP_8 / 5 - déplacer le crochet monté en avant / en arrière (au pied)
KEY_lalt KEY_KP_7 / 9 - déplacer le crochet monté vers le haut / vers le bas (au pied)]]>
        </fr>
    </description>
    <iconFilename>icon_towingChain.dds</iconFilename>
    <multiplayer supported="true"/>
	<storeItems>
        <storeItem xmlFilename="towingChain.xml"/>
    </storeItems>
	<specializations>
		<specialization name="towingChainHook" className="TowingChainHook" filename="script/towingChain.lua" />
	</specializations>
	<jointTypes>
        <jointType name="towingHook"/> 
    </jointTypes>
	<vehicleTypes>
        <type name="towingChainHook" parent="baseAttachable" className="Vehicle" filename="$dataS/scripts/vehicles/Vehicle.lua">
            <specialization name="towingChainHook" />
        </type>
    </vehicleTypes>
    <l10n>
		<text name="input_TOWINGCHAIN_ATTACH_VEHICLE">
            <en>TowingChain - toggle attach / detach vehicle</en>
            <de>TowingChain - Fahrzeug anbringen / abnehmen umschalten</de>
        </text>
		<text name="input_TOWINGCHAIN_VEHICLE_THROTTLE">
            <en>TowingChain - toggle towed vehicle throttle</en>
            <de>TowingChain - Drosselklappe des gezogenen Fahrzeugs umschalten</de>
        </text>
		<text name="input_TOWINGCHAIN_MANUAL_ATTACH">
            <en>TowingChain - Attach Towing Chain to vehicle</en>
            <de>TowingChain - Befestigen Sie die Abschleppkette am Fahrzeug</de>
        </text>
		<text name="input_TOWINGCHAIN_ATTACH_HOOK">
            <en>TowingChain - Mount attaching hook</en>
            <de>TowingChain - Befestigungshaken montieren</de>
        </text>
		<text name="input_TOWINGCHAIN_SWITCH">
            <en>TowingChain - Switch to next chain</en>
            <de>TowingChain - Zur nächsten Kette wechseln</de>
        </text>
		<text name="input_TOWINGCHAIN_STEER_LEFT">
            <en>TowingChain - Steer left</en>
            <de>TowingChain - Links lenken</de>
        </text>
		<text name="input_TOWINGCHAIN_STEER_RIGHT">
            <en>TowingChain - Steer right</en>
            <de>TowingChain - Rechts lenken</de>
        </text>
		<text name="input_TOWINGCHAIN_TOGGLE_STEERING_MODE">
            <en>TowingChain - Toggle towed vehicle steering mode</en>
            <de>TowingChain - Schalten Sie den Lenkmodus des gezogenen Fahrzeugs um</de>
        </text>
		<text name="input_TOWINGCHAIN_CHANGE_ATTACHED_DIRECTION">
            <en>TowingChain - Toggle towed vehicle driving direction</en>
            <de>TowingChain - Fahrtrichtung des gezogenen Fahrzeugs umschalten</de>
        </text>
		<text name="input_TOWINGCHAIN_MOVE_HOOK_TRIGGER">
            <en>TowingChain - Move hook</en>
            <de>TowingChain - Haken bewegen</de>
        </text>
		<text name="input_TOWINGCHAIN_MOVE_HOOK_LEFT">
            <en>TowingChain - Move hook left</en>
            <de>TowingChain - Bewegen Sie den Haken nach links</de>
        </text>
		<text name="input_TOWINGCHAIN_MOVE_HOOK_RIGHT">
            <en>TowingChain - Move hook right</en>
            <de>TowingChain - Haken nach rechts bewegen</de>
        </text>
		<text name="input_TOWINGCHAIN_MOVE_HOOK_FORWARD">
            <en>TowingChain - Move hook forward</en>
            <de>TowingChain - Haken nach vorne bewegen</de>
        </text>
		<text name="input_TOWINGCHAIN_MOVE_HOOK_BACKWARD">
            <en>TowingChain - Move hook backward</en>
            <de>TowingChain - Haken nach hinten bewegen</de>
        </text>
		<text name="input_TOWINGCHAIN_MOVE_HOOK_UP">
            <en>TowingChain - Move hook up</en>
            <de>TowingChain - Bewegen Sie den Haken</de>
        </text>
		<text name="input_TOWINGCHAIN_MOVE_HOOK_DOWN">
            <en>TowingChain - Move hook down</en>
            <de>TowingChain - Haken nach unten bewegen</de>
        </text>
		<text name="TOWINGCHAIN_VEHICLE_ATTACH">
            <en>TowingChain - Attach Towing Chain to vehicle</en>
            <de>TowingChain - Befestigen Sie die Abschleppkette am Fahrzeug</de>
        </text>
		<text name="TOWINGCHAIN_VEHICLE_DETACH">
            <en>TowingChain - Detach Towing Chain from vehicle</en>
            <de>TowingChain - Abschleppkette vom Fahrzeug abnehmen</de>
        </text>
		<text name="TOWINGCHAIN_VEHICLE_THROTTLE_ON">
            <en>Towing Chain - Turn on towed vehicle throttle</en>
            <de>Towing Chain - Schalten Sie das Gaspedal ein</de>
        </text>
		<text name="TOWINGCHAIN_VEHICLE_THROTTLE_OFF">
            <en>Towing Chain - Turn off towed vehicle throttle</en>
            <de>Towing Chain - Schalten Sie die Drosselklappe aus</de>
        </text>
		<text name="TOWINGCHAIN_SELF_ATTACH">
            <en>Towing Chain - Attach Towing Chain to self</en>
            <de>Towing Chain - Befestigen Sie die Abschleppkette an sich selbst</de>
        </text>
		<text name="TOWINGCHAIN_SELF_DETACH">
            <en>Towing Chain - Detach Towing Chain from self</en>
            <de>Towing Chain - Löse die Abschleppkette von dir</de>
        </text>
		<text name="TOWINGCHAIN_MOUNT_HOOK">
            <en>Towing Chain - Mount towing hook to</en>
            <de>Towing Chain - Abschlepphaken an montieren</de>
        </text>
		<text name="TOWINGCHAIN_UNMOUNT_HOOK">
            <en>Towing Chain - Unmount towing hook from</en>
            <de>Towing Chain - Abschlepphaken abnehmen</de>
        </text>
		<text name="TOWINGCHAIN_STEERING_MODE_OFF">
            <en>Towing Chain - Towed vehicle steering mode: OFF</en>
            <de>Towing Chain - Abschleppmodus für abgeschleppte Fahrzeuge: AUS</de>
        </text>
		<text name="TOWINGCHAIN_STEERING_MODE_AUTO">
            <en>Towing Chain - Towed vehicle steering mode: AUTO</en>
            <de>Towing Chain - Abschleppmodus für abgeschleppte Fahrzeuge: AUTO</de>
        </text>
		<text name="TOWINGCHAIN_STEERING_MODE_MANUAL">
            <en>Towing Chain - Towed vehicle steering mode: MANUAL</en>
            <de>Towing Chain - Abschleppmodus für abgeschleppte Fahrzeuge: HANDBUCH</de>
        </text>
		<text name="TOWINGCHAIN_ATTACHED_DIRECTION_FORWARD">
            <en>Towing Chain - Towed vehicle driving direction: FORWARD</en>
            <de>Towing Chain - Fahrtrichtung des abgeschleppten Fahrzeugs: VORWÄRTS</de>
        </text>
		<text name="TOWINGCHAIN_ATTACHED_DIRECTION_BACKWARD">
            <en>Towing Chain - Towed vehicle driving direction: BACKWARD</en>
            <de>Towing Chain - Fahrtrichtung des abgeschleppten Fahrzeugs: ZURÜCK</de>
        </text>
		<text name="FUNCTION_TOWINGCHAIN">
			<en>With this Towing Chain you can pull vehicles. You can mount hook to vehicles that dont have attacher. You can attach multiple chains together.</en>
			<de>Mit dieser Abschleppkette können Sie Fahrzeuge ziehen. Sie können Haken an Fahrzeugen montieren, die keinen Aufsatz haben. Sie können mehrere Ketten miteinander verbinden.</de>
		</text>
		<text name="typeDesc_towingChainHook">
			<en>Towing Chain</en>
			<de>Abschleppkette</de>
		</text>
		<text name="TOWINGCHAIN_CHAIN">
			<en>Chain </en>
			<de>Kette </de>
		</text>
		<text name="TOWINGCHAIN_ATTACHED">
			<en>attached</en>
			<de>angehängt</de>
		</text>
		<text name="TOWINGCHAIN_NOTATTACHED">
			<en>not attached</en>
			<de>nicht angehängt</de>
		</text>
		<text name="TOWINGCHAIN_MOUNTED">
			<en>hook mounted</en>
			<de>Haken montiert</de>
		</text>
		<text name="TOWINGCHAIN_NOTMOUNTED">
			<en>hook not mounted</en>
			<de>Haken nicht montiert</de>
		</text>
		<text name="TOWINGCHAIN_SELECTED">
			<en>, Selected</en>
			<de>, Ausgewählt</de>
		</text>
		<text name="TOWINGCHAIN_THIS_VEHICLE">
			<en>This vehicle</en>
			<de>Dieses Fahrzeug</de>
		</text>
		<text name="TOWINGCHAIN_ALREADY_ATTACHED">
			<en>has already attached Towing chain.</en>
			<de>hat bereits eine Abschleppkette angebracht.</de>
		</text>
		<text name="TOWINGCHAIN_ALL_CHAINS">
			<en>All chains need to be attached in the same direction.</en>
			<de>Alle Ketten müssen in die gleiche Richtung befestigt werden.</de>
		</text>
		<text name="TOWINGCHAIN_THROTTLE_OFF">
			<en>First turn off throttle of attached vehicle to detach Towing chain!</en>
			<de>Schalten Sie zuerst den Gashebel des angebrachten Fahrzeugs aus, um die Abschleppkette zu lösen!</de>
		</text>
		<text name="TOWINGCHAIN_STEERING_OFF">
			<en>First set steering mode of attached vehicle to OFF to detach Towing chain!</en>
			<de>Stellen Sie zuerst den Lenkmodus des angebrachten Fahrzeugs auf AUS, um die Abschleppkette zu lösen!</de>
		</text>
		<text name="TOWINGCHAIN_ALREADY_HOOK">
			<en>This vehicle has already mounted towing hook from towing chain</en>
			<de>Dieses Fahrzeug hat bereits einen Abschlepphaken von der Abschleppkette montiert</de>
		</text>
		<text name="TOWINGCHAIN_FIRST_DETACH_1">
			<en>First detach towing chain</en>
			<de>Zuerst die Abschleppkette</de>
		</text>
		<text name="TOWINGCHAIN_FIRST_DETACH_2">
			<en>to unmout towing hook!</en>
			<de>abnehmen, um den Abschlepphaken zu lösen!</de>
		</text>
		<text name="TOWINGCHAIN_FIRST_UNMOUNT">
			<en>First unmount towing hook from</en>
			<de>Zuerst den Abschlepphaken von abnehmen</de>
		</text>
		<text name="TOWINGCHAIN_NO_DRIVABLE">
			<en>No drivable vehicle is attached to the chain.</en>
			<de>An der Kette ist kein fahrbares Fahrzeug angebracht.</de>
		</text>
    </l10n>
	<actions>
        <action name="TOWINGCHAIN_ATTACH_VEHICLE" category="VEHICLE"   axisType="HALF" ignoreComboMask="false"/>
        <action name="TOWINGCHAIN_VEHICLE_THROTTLE" category="VEHICLE"   axisType="HALF" ignoreComboMask="false"/>
        <action name="TOWINGCHAIN_MANUAL_ATTACH" category="ONFOOT"   axisType="HALF" ignoreComboMask="false"/>
        <action name="TOWINGCHAIN_ATTACH_HOOK" category="ONFOOT"   axisType="HALF" ignoreComboMask="false"/>
        <action name="TOWINGCHAIN_SWITCH" category="ONFOOT"   axisType="HALF" ignoreComboMask="false"/>
		<action name="TOWINGCHAIN_TOGGLE_STEERING_MODE" category="VEHICLE"   axisType="HALF" ignoreComboMask="false"/>
        <action name="TOWINGCHAIN_STEER_LEFT" category="VEHICLE"   axisType="HALF" ignoreComboMask="false"/>
        <action name="TOWINGCHAIN_STEER_RIGHT" category="VEHICLE"   axisType="HALF" ignoreComboMask="false"/>
        <action name="TOWINGCHAIN_CHANGE_ATTACHED_DIRECTION" category="VEHICLE"   axisType="HALF" ignoreComboMask="false"/>
		<action name="TOWINGCHAIN_MOVE_HOOK_TRIGGER" category="ONFOOT"   axisType="HALF" ignoreComboMask="false"/>
		<action name="TOWINGCHAIN_MOVE_HOOK_LEFT" category="ONFOOT"   axisType="HALF" ignoreComboMask="false"/>
		<action name="TOWINGCHAIN_MOVE_HOOK_RIGHT" category="ONFOOT"   axisType="HALF" ignoreComboMask="false"/>
		<action name="TOWINGCHAIN_MOVE_HOOK_FORWARD" category="ONFOOT"   axisType="HALF" ignoreComboMask="false"/>
		<action name="TOWINGCHAIN_MOVE_HOOK_BACKWARD" category="ONFOOT"   axisType="HALF" ignoreComboMask="false"/>
		<action name="TOWINGCHAIN_MOVE_HOOK_UP" category="ONFOOT"   axisType="HALF" ignoreComboMask="false"/>
		<action name="TOWINGCHAIN_MOVE_HOOK_DOWN" category="ONFOOT"   axisType="HALF" ignoreComboMask="false"/>
    </actions>
	<inputBinding>
        <actionBinding action="TOWINGCHAIN_ATTACH_VEHICLE" >
            <binding device="KB_MOUSE_DEFAULT" input="KEY_x" />
        </actionBinding>
		<actionBinding action="TOWINGCHAIN_VEHICLE_THROTTLE" >
            <binding device="KB_MOUSE_DEFAULT" input="KEY_b" />
        </actionBinding>
		<actionBinding action="TOWINGCHAIN_MANUAL_ATTACH" >
            <binding device="KB_MOUSE_DEFAULT" input="KEY_x" />
        </actionBinding>
		<actionBinding action="TOWINGCHAIN_ATTACH_HOOK" >
            <binding device="KB_MOUSE_DEFAULT" input="KEY_z" />
        </actionBinding>
		<actionBinding action="TOWINGCHAIN_SWITCH" >
            <binding device="KB_MOUSE_DEFAULT" input="KEY_y" />
        </actionBinding>
		<actionBinding action="TOWINGCHAIN_TOGGLE_STEERING_MODE" >
            <binding device="KB_MOUSE_DEFAULT" input="KEY_y" />
        </actionBinding>
		<actionBinding action="TOWINGCHAIN_STEER_LEFT" >
            <binding device="KB_MOUSE_DEFAULT" input="KEY_comma" />
        </actionBinding>
		<actionBinding action="TOWINGCHAIN_STEER_RIGHT" >
            <binding device="KB_MOUSE_DEFAULT" input="KEY_period" />
        </actionBinding>
		<actionBinding action="TOWINGCHAIN_CHANGE_ATTACHED_DIRECTION" >
            <binding device="KB_MOUSE_DEFAULT" input="KEY_lalt KEY_b" />
        </actionBinding>
		<actionBinding action="TOWINGCHAIN_MOVE_HOOK_TRIGGER" >
            <binding device="KB_MOUSE_DEFAULT" input="KEY_lalt" />
        </actionBinding>
		<actionBinding action="TOWINGCHAIN_MOVE_HOOK_LEFT" >
            <binding device="KB_MOUSE_DEFAULT" input="KEY_lalt KEY_KP_4" />
        </actionBinding>
		<actionBinding action="TOWINGCHAIN_MOVE_HOOK_RIGHT" >
            <binding device="KB_MOUSE_DEFAULT" input="KEY_lalt KEY_KP_6" />
        </actionBinding>
		<actionBinding action="TOWINGCHAIN_MOVE_HOOK_FORWARD" >
            <binding device="KB_MOUSE_DEFAULT" input="KEY_lalt KEY_KP_8" />
        </actionBinding>
		<actionBinding action="TOWINGCHAIN_MOVE_HOOK_BACKWARD" >
            <binding device="KB_MOUSE_DEFAULT" input="KEY_lalt KEY_KP_5" />
        </actionBinding>
		<actionBinding action="TOWINGCHAIN_MOVE_HOOK_UP" >
            <binding device="KB_MOUSE_DEFAULT" input="KEY_lalt KEY_KP_7" />
        </actionBinding>
		<actionBinding action="TOWINGCHAIN_MOVE_HOOK_DOWN" >
            <binding device="KB_MOUSE_DEFAULT" input="KEY_lalt KEY_KP_9" />
        </actionBinding>
    </inputBinding>
</modDesc>